,uporabnik,sigma
0,linda-okoren,67108864.0
1,tina-bercic,3.6893488147419103e+19
2,rok-repek,4.611686018427388e+18
3,jakob-puhar-48595,0.0
4,matja-zorko,2.3404678673229416e+16
5,masa-arnsek-dkk2l,2.8131284712407066e+20
6,tina-arnsek,7.932099951695107e+20
7,giulio-baxa,4.722366482869645e+21
8,thomas-krapfl-ks7lp,4.611686018427388e+18
9,alberto-raho,0.0
10,riky-vella,1.53600894791005e+17
11,qba-j,1.152921504606847e+18
12,sofia-libera,0.0
13,luca-bosisio,0.0
14,stefan-atschreiter,0.0
15,michal-grzyb,4.919131752989214e+20
16,riccardo-edalucci,1.152921504606847e+18
17,vesna-pavlovic,4.4003869499467146e+21
18,blaz-scuka,281474976710656.0
19,bor-savnik,1.3927381848330453e+20
20,luca-bacer,1.888946593147858e+23
21,yari-de-momi,4.722366482869645e+21
22,jakob-meglic,2.6327293108001176e+16
23,neza-nemec,4.611686018427388e+18
24,andrea-one-padoan,4.722366482869645e+21
25,petra-zupan,4.353431601395454e+21
26,nejc-kavcic,965066880076068.6
27,andrea-pustetto,0.0
28,domen-kolenko,2.951479058830403e+21
29,stefano-turina,6.124895493223875e+17
30,saso-poglajen,1.0379620064108883e+18
31,robert-vlasits,0.0
32,dominik-fon,9.44473296573929e+21
33,jernej-kruder,1.9180073099655173e+23
34,roni-nikolic,4.611686018427388e+18
35,mojca-bizjak,1.2311196580014442e+16
36,luka-pavlovcic,3.226503236165198e+21
37,matteo-humar,4.744369520675894e+17
38,maj-tomazin-1915j,4.722366482869645e+21
39,andraz-lekse,1.152921504606847e+18
40,laura-drasler-76851,7.932099951695107e+20
41,katja-mesaric,4.368188996654422e+21
42,marko-buljan,2.305843009213694e+18
43,peter-mastnak-sokolov,1.7295667243510077e+21
44,robert-buh,5.434082472121131e+19
45,jaka-sprah,23026220610355.2
46,andrea-chelleris,0.0
47,martin-bombac,2483376722728.4014
48,judith-lang,0.0
49,jakub-piwowar-ddn8s,0.0
50,uros-brecelj,7.555786372591432e+22
51,janez-miklavcic,1.6150949537183647e+18
52,ajda-lovse,3.135946492530624e+21
53,tabea-seedoch,0.0
54,mitja-zivkovic,1.3835058055282164e+19
55,julius-gorenz,0.0
56,aljoscha-follak,0.0
57,urban-novak,0.0
58,simona-strle,1.567973246265312e+20
59,dan-kulisic-tjmzb,0.0
60,eva-dana-vidmar,1.1805916207174113e+21
61,jakob-kos,2.951479051793528e+21
62,urban-furlan,2.2136092888451462e+20
63,jakub-bajorek,1.1805916207174113e+21
64,stan-zolnierczyk,2.8823037615171174e+17
65,erazem-stonic-pwp5u,2.1361988449644007e+20
66,marco-saule,3.935305402391371e+21
67,matej-glivar,5.8710151169086024e+16
68,onufry-zagloba,0.0
69,barbara-matyja,0.0
70,lucija-tarkus,5.462542088827241e+21
71,j-m-perandones,0.0
72,balazs-palko,6.124895493223875e+17
73,jakob-sigler,1.152921504606847e+18
74,ziga-zajc,0.0
75,soeren-schritt,4.722366482869645e+21
76,guido-de-sabbata-nuv0s,5.666839779443574e+22
77,davide-gaeta,3.022314549036573e+23
78,ziga-sedej,4.722366482869645e+21
79,kinga-dudek,0.0
80,matija-ozebek,3975834046038016.0
81,jure-franko,9.639191328474323e+17
82,milan-preskar,1.3222626152035007e+23
83,blaz-erjavc,4.722366482869645e+21
84,mihael-stefic,2.8823037615171174e+18
85,marco-francesco-ristic,2.5364273101350636e+18
86,rok-blagus,4.291610080715995e+21
87,jakob-bizjak,6.528683191782502e+23
88,mitja-jereb,8.770109182472199e+21
89,katarina-rus-f,2.0139504118120545e+21
90,jakob-parovec,1.888946593147858e+23
91,vid-urnaut,4.722366482869645e+21
92,sasa-sedlar,5.456956824649368e+22
93,barbora-poduskova,0.0
94,anej-krepfl,1.152921504606847e+19
95,denis-pail,2.481744631771955e+16
96,olin-klapal,0.0
97,miha-pribosic,1.152921504606847e+18
98,andrej-skafar,1.4757409332716476e+19
99,dominik-cyran,7.378697629483821e+19
100,kuba-jasiewicz,1.8446744073709552e+19
101,lukasz-gebel,0.0
102,bart-szymik,7.205759403792794e+17
103,filip-sokol-o29ww,0.0
104,urban-primoic,4.722366482869645e+21
105,roko-roic,4.611686018427388e+18
106,vonarburg-nicola,4.722366482869645e+21
107,mario-curic,70368744177664.0
108,juraj-govorcin,3.2281802128991715e+19
109,tamara-pintar,0.0
110,marina-jasic,9.882586432311132e+17
111,jakob-greistorfer,3.8369227673315867e+21
112,ulli-donabaum,1.8446744073709552e+19
113,giuseppe-nolasco,0.0
114,betka-galicic-44050,6411394830846938.0
115,chicco-villani,4.722366482869645e+21
116,christian-knoll,7.692148163548807e+18
117,stefano-capato,38298655858.0
118,ratko-svraka,1.8446744073709552e+19
119,stefano-bianchi,0.0
120,klemen-peterlin,4746305401600.0
121,gal-sandor,0.0
122,nejc-sitar,0.0
123,piotrek-bia3as,4.722366482869645e+21
124,sinisa-skalec,4.1320706725109396e+21
125,julia-leonardi,7.378697629483821e+19
126,luka-marcic,7.37869762948382e+20
127,pancia-princeska,4.722366482869645e+21
128,giovanni-brin,1.152921504606847e+18
129,piotrek-o,1.152921504606847e+18
130,krystof-lebeda,0.0
131,ajda-lisec,7.926335344172073e+17
132,valentin-sattek,9.28101811208512e+18
133,emilia-placzek,1.152921504606847e+18
134,michal-wrzesinski,4.722366482869645e+21
135,rudolf-nemeth,3.8369227673315867e+21
136,stefano-pandolfo,0.0
137,richard-schwarcz,4.722366482869645e+21
138,rajko-zajc,184083472076181.34
139,kamil-michalczenia,0.0
140,piotr-niznik,3.4241768688541344e+19
141,lukasz-dudek,1.888946593147858e+22
142,oli,0.0
143,miha-hribar,4.722366482869645e+22
144,fede-bin,0.0
145,julian-fian-68926,0.0
146,tom-godec,7.555786372591432e+22
147,daniel-sromek,0.0
148,miha-pancur,4.1248719431163215e+21
149,anej-batagelj-76160,0.0
150,piotr-czerwinski,1.152921504606847e+19
151,mario-mihin,1.152921504606847e+18
152,paolo-sterni,0.0
153,vedrana-simicevic,0.0
154,christian-aigner,4.722366482869645e+21
155,daria-brylova,4.722366482869645e+21
156,martin-tekles-77251,0.0
157,stefano-zanetti,0.0
158,maciej-bukowski,4.722366482869645e+21
159,krzysztof-urbanski,0.0
160,szymon-lodzinski,7.555786372591432e+22
161,kasia-c,0.0
162,daniel-haboeck,0.0
163,julia-fiser,0.0
164,francesca-medici,1.2089258196146292e+24
165,davide-picco,2.4272963721949976e+24
166,michele-santagiuliana,0.0
167,steve-luccarda,1.2089258196146292e+24
168,antoine-maire,0.0
169,thomas-maerz,1.1805916207174113e+21
170,gabriela-vrablikova,0.0
171,piotr-trojnar,0.0
172,wojtek-drozdowski,1.152921504606847e+18
173,camilla-bendazzoli-69528,0.0
174,maciej-czarnecki,0.0
175,jan-fehringer,17179869184.0
176,piotr-pawlak,0.0
177,matteo-langhetti,0.0
178,raphael-berger-8pbwe,0.0
179,kasia-0609,0.0
180,clemens-berger,0.0
181,fabian-petutschnig,1.8446744073709552e+19
182,lukas-38836,1.1805916207174113e+21
183,klemen-novak,4.934872974598779e+22
184,illya-bakhmet-smolenskyi,2.9514790517935283e+20
185,wojciech-grzesiak,1.8446744073709552e+19
186,grzegorz-paszkowski,0.0
187,miso-slogar,153533054923571.2
188,filip-kurtovic-2l2sq,4.611686018427388e+18
189,vana-piccini,7.378697629483821e+19
190,radek-brusilowicz,4.722366482869645e+21
191,nikola-kramaric-nx6t5,1.152921504606847e+19
192,luka-trumbic,4.722366482869645e+21
193,gustavo-brusasca,68719476736.0
194,lucija-brkic,0.0
195,mikula-basic,4.611686018427388e+18
196,mateusz-kadziolka,0.0
197,andreas-rogala,2.305843009213694e+18
198,zan-lovenjak-sudar,8.311365009850576e+23
199,davide-rosati,6.124895493223875e+17
200,andrea-vitagliano,4.722366482869645e+21
201,michal-fijalkowski,1.152921504606847e+18
202,anna-felczak,0.0
203,martyna-ciechanowska-70017,1.152921504606847e+18
204,aleksander-olszok,4.722366482869645e+21
205,matthias-trockner,0.0
206,weronika-rotko,0.0
207,luca-visintin-77238,0.0
208,kamil-ferdinand,1.152921504606847e+18
209,przemyslaw-ozog,0.0
210,dominika-soltys,7.378697629483821e+19
211,pietro-vincenzi,0.0
212,roman-neuwirth,0.0
213,andrzej-fusik,2.305843009213694e+18
214,paul-kiefer,2.3980767295822417e+20
215,fabian-leu,0.0
216,mariusz-polowczuk,302580446003.2
217,sara-vurusic,4672484613396890.0
218,ivan-ljubicic,4.2047725462132065e+18
219,matteo-menardi,1.9342813113834067e+25
220,gabor-abonyi,211106232532992.0
221,szymon-kawiorski,0.0
222,vadim-savelev,0.0
223,m-arkadius-d,0.0
224,jana-rauth,0.0
225,michaela-smetanova,1.152921504606847e+19
226,tereza-siruckova,2.9514790517935283e+20
227,ziga-erman,4.722366482869645e+21
228,roger-serret,7.205759403792794e+17
229,david-meglic,8.646911284551352e+17
230,felix-chevet,0.0
231,tim-korosec,0.0
232,stefan-engelhardt,0.0
233,grzegorz-andruszkiewicz,0.0
234,kuba-barzycki,1.152921504606847e+18
235,moritz-klein,0.0
236,jedrek-baranowski,0.0
237,florian-harrasser,0.0
238,bennet-klarhoelter,0.0
239,sven-weiss,4.722366482869645e+21
240,zori-franko,313818943761066.7
241,mateusz-siwek,281474976710656.0
242,kuba-polak,3.7469948899722527e+18
243,mateusz-dybek-dybas,2.8823037615171174e+18
244,tomel-buk,2.9514790517935283e+20
245,kam-stopa,3.098476543630901e+18
246,caro-regensburger,0.0
247,ania-blaszkiewicz-65535,0.0
248,maciek-swedziol,1.152921504606847e+18
249,marc-basmer,0.0
250,ante-vujinovic,5.854679515581645e+16
251,lukasz-hubert,7.205759403792794e+16
252,rafal-w,0.0
253,wojciech-p,0.0
254,amanda-davies,0.0
255,moreno-vrancich,0.0
256,eva-puhar,0.0
257,benjamin-roposch,1.1805916207174113e+21
258,michal-semow,7.205759403792794e+16
259,blazej-winiarski,0.0
260,ursa-krenk,1.152921504606847e+18
261,moritz-trichtl,95291365654528.0
262,david-weide,0.0
263,sara-lanca,0.0
264,marc-mach,0.0
265,tilen-rupar,1970324836974592.0
266,lukasz-kobierski,0.0
267,dani-puigdomenech,0.0
268,piotr-dudziak,0.0
269,ali-h,0.0
270,daniele-mattioli,1.152921504606847e+18
271,alvin-tudor,0.0
272,ema-seliskar,8.811614356638045e+18
273,brian-stevens,0.0
274,marcin-jedynski,2.8823037615171174e+18
275,milena-ciechanowska,0.0
276,marko-suncetizarko,1.2328573955929216e+21
277,michal-bak,0.0
278,rok-molan,4.722366482869645e+21
279,patrick-englebert,0.0
280,gosia-gawryluk,0.0
281,joachim-cecerski,0.0
282,patrik-zazvonil,68719476736.0
283,ivan-pevec,3.781582535110458e+19
284,piotr-suder,0.0
285,kamil-mucha-26250,1.152921504606847e+18
286,peter-zainzinger-70040,0.0
287,tepa-bula-z-jury,4.722366482869645e+21
288,tom-riemschneider,27930709196.8
289,agnieszka-michalak,0.0
290,aleksandra-zejdler,1073741824.0
291,nick-ostrouh,0.0
292,marcin-b,0.0
293,marcin-wesoly,0.0
294,tomasz-antonik,1.152921504606847e+18
295,patryk-dudek,4.611686018427388e+18
296,bartosz-surowka,0.0
297,michal-obrzut,0.0
298,krzysztof-zysk-imperator,0.0
299,ettore-di-matteo,0.0
300,szymon-krolinski,0.0
301,marian-oska,0.0
302,david-hozic,7.205759403792794e+16
303,sonia-hetmanczyk,6.665327448508334e+17
304,filip-orewczyk,0.0
305,bartlomiej-orzytkiewicz,1.8446744073709552e+19
306,v-kuznetsov,0.0
307,marija-milosavljevic,1.152921504606847e+18
308,tomek-polec,3.61695345073193e+16
309,wojtek-pelka,1.6056046041756794e+23
310,nikodem-balon,0.0
311,mateusz-nawratek,4.722366482869645e+21
312,stefan-madej-0fk4e,1.888946593147858e+22
313,krzysztof-grubecki,1.152921504606847e+18
314,florin-ninnu,0.0
315,tomasz-hajek,4503599627370496.0
316,casey-elliott,0.0
317,piotr-weglowski,0.0
318,rybcia-rybcia,0.0
319,dominik-wisniewski,0.0
320,sebasstian-eichholzer,0.0
321,michael-kofler,0.0
322,yasna-bozic,2.305843009213694e+18
323,christian-poglitsch,0.0
324,gabor-vajoczki-33825,4.722366482869645e+21
325,philip-schreiner,0.0
326,lukasz-debowski-5170,9007199254740992.0
327,ksenia-targosz,281474976710656.0
328,peter-szij,6.686944726719712e+20
329,gianfranco-dusic,6.07161404940383e+21
330,bastian-wagner,0.0
331,sebastian-castenetto,4.611686018427388e+18
332,abel-kalamar,0.0
333,maxi-karrer,0.0
334,lucas-h,1.1805916207174113e+21
335,martin-senghas,0.0
336,daniel-mueller,0.0
337,bene-karg,0.0
338,luisa-rabus,0.0
339,denis-krebelj,4.4515267566790246e+17
340,stefano-bertolini,0.0
341,lampros-theocharis,1.152921504606847e+18
342,matic-obid,3.935305402391371e+21
343,pietro-paolo-piccoli,0.0
344,pawel-pospiech,4.611686018427388e+18
345,mateusz-gajczewski,0.0
346,ewa-czar-69801,0.0
347,mani-hubaer,5.047029178566933e+22
348,grzegorz-makiela,2.9514790517935283e+20
349,thorsten-wandl,7.37869762948382e+20
350,mateusz-mazur,0.0
351,toma-wojcik,0.0
352,sasa-vidmar-f,4.2930604389724046e+21
353,mateusz-mazur-13783,0.0
354,tomek-stangret,0.0
355,zoltan-lakatos,2.3264308932245304e+18
356,jaka-jaki,4.722366482869645e+21
357,borsuk-j,0.0
358,p-kwoku,1.152921504606847e+18
359,slawomir-kiczmer,0.0
360,m-gutek,1202590842880.0
361,maximilian-lenz,1.152921504606847e+18
362,pawel-kida,4.611686018427388e+18
363,michael-piccolruaz,0.0
364,stefan-scarperi,0.0
365,patrick-tirler,0.0
366,alexandra-ladurner-f,0.0
367,elisabeth-lardschneider,0.0
368,pawel-walczak,4.722366482869645e+21
369,marcel-mumel,1.833347678386258e+16
370,balazs-benke,5.902958103587057e+20
371,ana-marsic,68719476736.0
372,ester-prendivoj,595568798378.6666
373,monika-varga,1.152921504606847e+18
374,flaska-peter-41352,4.611686018427388e+19
375,jacek-kaczanowski,0.0
376,nico-ferlitsch,1.9342813113834067e+25
377,mitja-meznarsic,4.722366482869645e+21
378,christoph-barthel,0.0
379,igor-primc,1.1333679558887149e+23
380,marko-divaca,2.635249153387079e+20
381,theresa-schoell,0.0
382,florian-gourgue,0.0
383,shimmy-webb,0.0
384,luis-funk-67682,0.0
385,matic-di-batista,0.0
386,sina-roller,0.0
387,sebastian-ziegler,0.0
388,jens-rohloff,0.0
389,max-friebertshaeuser-66287,0.0
390,thomas-stoll,7.378697629483821e+19
391,szymon-jarek,4.722366482869645e+21
392,michele-bort,0.0
393,lukasz-bolach,4.611686018427388e+18
394,luca-marzari,0.0
395,simon-e,0.0
396,henrik-koch,0.0
397,igor-cresnik,4.611686018427388e+18
398,michal-marines-lodzinski,2.951479051793528e+21
399,ben-pfeiffer,0.0
400,reffo-silvio,0.0
401,domenic-j,0.0
402,martin-bergant-44211,1.0743383748528443e+23
403,andreas-spitaler,0.0
404,anja-erbinek,3.022314549036573e+23
405,tobias-wolf,3.022314549036573e+23
406,stasa-gejo,2.2481969339833516e+19
407,tomasz-zajac-58808,3.2281802128991713e+18
408,grzegorz-sowa,1.844674407370955e+20
409,florian-essl,0.0
410,eni-malenica,4503599627370496.0
411,lara-kmoch,1.5143353747033293e+18
412,chiara-vescovo,0.0
413,roberto-red-crotta-99qtb,0.0
414,nicolas-azais,0.0
415,piotr-mierzejewski,2.8823037615171174e+17
416,fedir-samoilov,2.3980767295822417e+21
417,marta-stachurska,0.0
418,jagor-cakmak,1.0040024769284626e+18
419,nika-potapova,0.0
420,nino-jakic,0.0
421,gabriele-berardi,0.0
422,maksymilian-zieba-hs9kn,7.205759403792794e+16
423,marko-skoric,1.498797955988901e+19
424,jessica-pilz,0.0
425,julia-baran,0.0
426,verena-aigner,0.0
427,thomas-zeindl-70521,0.0
428,piotr-malczewski,0.0
429,jan-rumbold,0.0
430,michal-besler,0.0
431,olga-lotka,0.0
432,anton-agratina,0.0
433,bence-simon,1.3604807126286336e+16
434,natalia-fajfer,1.152921504606847e+18
435,rafal-bak,4.722366482869645e+21
436,dawid-grudzien,1.152921504606847e+18
437,gaber-avsec-64415,67108864.0
438,przemek-pa,1.152921504606847e+18
439,jakub-obracaj,0.0
440,kostek-sobanski,1.152921504606847e+18
441,klemen-kejzar,1.888946593147858e+23
442,kacper-kusion,0.0
443,kacper-stoch,0.0
444,carlo-benettoni,1.152921504606847e+18
445,dominika-bryla,1.152921504606847e+18
446,kajtek-kups,0.0
447,krzysiek-czernik,4.611686018427388e+18
448,steven-van-dijck,0.0
449,mihnea-prundeanu,0.0
450,damir-mujkanovic,4.611686018427388e+18
451,fabian-seppi,0.0
452,damian-laskowski,0.0
453,andrei-nikifaravets,4.611686018427388e+18
454,raphael-kapeller,1.8446744073709552e+19
455,maciej-janusz,0.0
456,jorge-candelas,4.722366482869645e+21
457,daniel-r,0.0
458,tjasa-slemensek,1.8972476279810274e+22
459,melissa-roth,0.0
460,enna-peros,7.205759403792794e+16
461,dasha-veretenina-77221,0.0
462,tobias-hipp,0.0
463,anna-zieba,0.0
464,lukasz-waikiki,0.0
465,anej-kodele,3.703760333549496e+20
466,lukas-hinterberger,0.0
467,florian-simhofer,0.0
468,samuel-weberknecht,0.0
469,botjan-weingerl,8.311365009850576e+22
470,nicole-d,4503599627370496.0
471,tobias-m-44627,2392537302040576.0
472,jo-nesbo,0.0
473,oncle-john,7.378697629483821e+19
474,thomas-rieger,7.205759403792794e+16
475,lenka-krasovska-70844,0.0
476,anna-shlyakhova,2.8823037615171174e+17
477,davide-deflorian,0.0
478,monika-akinom,281474976710656.0
479,john-coinhiller-h1gjw,7.205759403792794e+16
480,andrzej-rawski,2.8823037615171174e+17
481,radek-radomski-eshn7,0.0
482,pawel-cwiakala,0.0
483,adam-gadula-karpierz,0.0
484,daniel-lovaas,7.378697629483821e+19
485,tomek-zacharewicz,4.722366482869645e+21
486,jerzy-laskowski,4.722366482869645e+21
487,przemyslaw-lazar,68719476736.0
488,piotr-cwiakala-rf471,4.0842019120716186e+17
489,tatiana-shurubor-f,1.8014398509481984e+17
490,oksana-ilyasova,0.0
491,dominik-zielinski,0.0
492,monika-prokopiuk,7.378697629483821e+19
493,joanna-dybisiak,4.611686018427388e+18
494,adam-budzinski,0.0
495,mara-celin,0.0
496,marcin-rymarczyk,281474976710656.0
497,jaroslaw-kawski,16777216.0
498,christina-finckh,0.0
499,m-p-46221,1.152921504606847e+18
500,adam-scharnitzky,1.888946593147858e+22
501,stanislava-osiniak,0.0
502,ana-ogrinc-f,2.597301565578305e+21
503,enrico-variati,0.0
504,adrian-kuro,0.0
505,martin-wagner,9.680851289882773e+24
506,loren-mucha,0.0
507,adzis-sz,281474976710656.0
508,wojtek-roj,1.1805916207174113e+21
509,eva-hammelmueller,0.0
510,frederike-foerster-f,0.0
511,linus-raatz,0.0
512,joerg-zeidelhack,0.0
513,chiara-bodocco,0.0
514,marcin-piotrowski,1.152921504606847e+18
515,zsofia-kimmel,1.8446744073709552e+19
516,stefan-bednar,6.044721331793514e+23
517,dominic-lobgesang,1.1805916207174113e+21
518,gregor-selak,4.722366482869645e+21
519,martin-sobotka,0.0
520,francesco-bassetti,0.0
521,marcin-walasek,1.2089258196146292e+24
522,pavao-loncar,47249883136.0
523,bence-gats,4.683743612465316e+17
524,kermit-sharma,0.0
525,clemens-bender,9.592306918328967e+20
526,timon-kunter-ac4ls,3.129358369647156e+18
527,jedrzej-krzeminski,4.722366482869645e+21
528,diego-pionez,4.722366482869645e+21
529,nicola-alig,0.0
530,malin-hohl,0.0
531,jan-novak,0.0
532,ana-senegacnik-kurnik,4.2653801542074353e+18
533,karina-kosiorek,0.0
534,lukas-letz,0.0
535,radek-michalak,0.0
536,grzeogrz-twardecki,0.0
537,malinka-m-wfkbf,4.611686018427388e+18
538,stephan-vogt,0.0
539,marcin-grabarczyk,0.0
540,chrizzl-manizzl,0.0
541,kathrin-ziegler,0.0
542,lando-peters-mqmoo,0.0
543,davide-villa,0.0
544,marko-tomazin,119627724095488.0
545,inga-patarcic,0.0
546,basia-ciszynska,0.0
547,gaper-pintar,2.833419889721787e+22
548,tjasa-zagozen,2286984185774080.0
549,michal-kajca,7.205759403792794e+16
550,patrick-gatterer,0.0
551,patryk-torzecki,0.0
552,lukas-gogl,281474976710656.0
553,sigi-putz,0.0
554,stepan-volf,0.0
555,ondrej-dvorak,0.0
556,user-deactivated-67659,0.0
557,aleksander-dobkowski,4.611686018427388e+18
558,marcin-michalek,1.9676527011956856e+21
559,przemek-mika,0.0
560,luc-comuzzi,209715200.0
561,gareth-parry-xbyan,0.0
562,daniel-bruenion-41287,7.205759403792794e+16
563,ursa-florijancic,9.44473296573929e+21
564,grzegorz-jamka,0.0
565,bartlomiej-twardowski,4.722366482869645e+21
566,dmitry-tarasenkov,0.0
567,pavel-karas,0.0
568,simon-weisser,0.0
569,moritz-welt,1.1805916207174113e+22
570,ju-ju,0.0
571,tobias-stadler,0.0
572,maciej-ostrowski,1.152921504606847e+18
573,alexander-mayer-13663,0.0
574,s-braveheart,4.611686018427388e+18
575,james-lucas-4646,1.1805916207174113e+21
576,stefanie-ess,0.0
577,luca-lindig,0.0
578,piotr-abrahamczyk,4.611686018427388e+18
579,hannes-pfeifhofer,0.0
580,mark-o,0.0
581,tia-franko,0.0
582,janine-mathies,0.0
583,mateusz-zajac,0.0
584,laura-pumpute,2.8823037615171174e+18
585,ondrej-bina,0.0
586,zbik-z,0.0
587,m-b-13308,0.0
588,thibault-lair,0.0
589,goran-matika,2.070656029473152e+21
590,r-m,0.0
591,moritz-uhlmann-77774,0.0
592,magda-sokol,4503599627370496.0
593,alexander-bartels,0.0
594,peter-schwamberger,7.378697629483821e+19
595,ania-grabinska,7.378697629483821e+19
596,maciek-grabinski,1.152921504606847e+18
597,erwin-fedasz,0.0
598,chris-reinhold,1.152921504606847e+18
599,felix-getzlaff,1.8446744073709552e+19
600,luka-mestrovic,4.722366482869645e+21
601,taras-mandryk,0.0
602,aleksandar-sajatovic,0.0
603,nenad-matic,0.0
604,milica-ognjanovic,0.0
605,jakob-kirchhoff,0.0
606,sergio-castilla,0.0
607,fabian-oehlinger,1.844674407370955e+20
608,ziemowit-rachwal,0.0
609,pawel-czyz,0.0
610,niclas-hoellrigl,0.0
611,ponder-stibbons,0.0
612,mateusz-lukasik,0.0
613,brittany-goris,4.611686018427388e+18
614,manca-maurizio,0.0
615,klara-babicz,0.0
616,patryk-bialokozowicz,1.8446744073709552e+19
617,mikolaj-roger-stepien,0.0
618,dorian-decriteau-rc82o,0.0
619,paul-lewandowski,0.0
620,jure-golob,0.0
621,lars-abramowski,9.799832789158199e+17
622,konstantin-gartenlehner,1.152921504606847e+18
623,luka-zazvonil,7.555786372591432e+22
624,jacek-matuszek,7.555786372591432e+22
625,markus-ritter,281474976710656.0
626,thomas-hahn,68719476736.0
627,nikita-shvinagir,0.0
628,mania-mania-a,0.0
629,sebastian-harnas-dudek,0.0
630,mateusz-tyczynski,0.0
631,albert-parys,0.0
632,perica-levatic-xbwsw,1.152921504606847e+18
633,zaneta-adamczyk,0.0
634,joanna-zalubska,0.0
635,ida-kups,0.0
636,rados3aw-wojtowicz,0.0
637,m-g-13629,0.0
638,lukasz-harazin,4503599627370496.0
639,d-1,0.0
640,kajtek-koperwas,0.0
641,ola-gdowska,0.0
642,janek-nowaczek,281474976710656.0
643,pio-koval,4.722366482869645e+21
644,lukas-goetz-58346,0.0
645,rebecca-finch-f,1.1805916207174113e+21
646,jarek-kluf,0.0
647,katarzyna-kryskiewicz,0.0
648,jane-doe,0.0
649,gaber-avsec,0.0
650,claudia-vanessa-moser,0.0
651,chris-krah,0.0
652,ole-steinbeisser-nxzlk,0.0
653,mike-owen,4.611686018427388e+18
654,jan-vopat,0.0
655,marceli-grabowicz,0.0
656,adam-mach-6223,1.888946593147858e+22
657,karol-porwol,0.0
658,lukas-althuber,2.8823037615171174e+17
659,fabrizio-passone,4.611686018427388e+18
660,ania-matzullok,1.152921504606847e+18
661,kacper-cieslawski,0.0
662,ziga-debevec,1.5372286728091292e+18
663,jurica-levatic-del04,3.781582535110458e+21
664,mikolaj-bielanski,4.611686018427388e+18
665,timo-kienzle,4.722366482869645e+21
666,jan-d,0.0
667,mateusz-daniec,1.152921504606847e+19
668,simon-mayer,4503599627370496.0
669,balazs-erdelyi,4.611686018427388e+18
670,amanda-swat-70504,0.0
671,mitja-predikaka,3.715701306275781e+21
672,gocha-bozek,0.0
673,patryk-r,1.1805916207174113e+21
674,roberto-costantini,0.0
675,robert-kapa,0.0
676,cathy-wagner,0.0
677,julia-bolesch,0.0
678,tomas-plevko,0.0
679,anej-batagelj,9121600003637248.0
680,berni-st,0.0
681,petra-poloncic,4.722366482869645e+21
682,sirhc-v,2.9514790517935283e+20
683,user-deactivated-57351,0.0
684,bor-zupan,898207291515624.8
685,miha-jarm,3.9063735719381424e+21
686,christiana-seethaler,0.0
687,marcin-krolik,0.0
688,lino-c,68719476736.0
689,lan-zupancic,8.106695848479747e+17
690,lukasz-piekarz-turkowiak,0.0
691,urka-mihoci,1.567973246265312e+20
692,igor-salkovic,62817566720.03125
693,andrea-daddazio,4.722366482869645e+21
694,johannes-spreitzer,7.378697629483821e+19
695,giorgio-bendazzoli-37913,0.0
696,camilla-bendazzoli,0.0
697,marcin-em,0.0
698,ivana-balic,114621939712.0
699,amelia-orlikova,0.0
700,nina-faganel-f,2.2806924523855695e+20
701,davide-negroponte,0.0
702,grzegorz-grabowski,0.0
703,andrzej-mirek,0.0
704,karlo-cubric,1.8446744073709552e+19
705,stefan-wraber,6.746237832670921e+20
706,daniel-lenz,7.378697629483821e+19
707,daniel-lenz-ib9wz,0.0
708,radek-ostrowski,0.0
709,hans-koelz,7.378697629483821e+19
710,domen-skofic,1.2089258196146292e+24
711,alexander-weissmann-59197,2.9514790517935283e+20
712,leon-se-8d5m4,0.0
713,milosz-jodlowski,1.8446744073709552e+19
714,marco-manieri,0.0
715,carolyn-aichhorn,0.0
716,risa-ota-f,0.0
717,tamas-ban,2.8518666337954966e+21
718,bajusz-balazs,4.722366482869645e+21
719,konrad-schlenkrich,4.722366482869645e+21
720,nejc-erklavec,0.0
721,liam-mayrhuber,3.828059683264922e+16
722,maciek-kronenberg,0.0
723,tomasz-wojciechowski,0.0
724,mikolaj-blaz,0.0
725,martin-dejori,0.0
726,fonso-noriega,0.0
727,romain-pigeat,0.0
728,piotr-kruczek,0.0
729,rafal-walus,0.0
730,jernej-vidmar,2.8942690421875674e+17
731,tomek-japa,1.152921504606847e+18
732,kuba-wybierlaski,0.0
733,maria-amzaroiu-f,1.152921504606847e+18
734,daniel-kopp,1.8446744073709552e+19
735,viorel-amzaroiu,1.888946593147858e+22
736,emanuel-pali,0.0
737,rudi-schraml,0.0
738,jaka-urh,68719476736.0
739,lucija-veber,0.0
740,julek-wojciechowski,0.0
741,christoph-garber,0.0
742,lukasz-kilon,0.0
743,thomas-rappersberger,1.152921504606847e+18
744,manuel-w,0.0
745,anka-tw,4.611686018427388e+18
746,jakub-kovacik,0.0
747,jacek-gaweda,0.0
748,jura-grecnar-6pzs2,0.0
749,wojciech-jurek,0.0
750,felix-mehne,0.0
751,gregor-vezonik,3.022314549036573e+23
752,marta-juszczyk,0.0
753,laurentiu-popa,0.0
754,stanislaw-taranowski,0.0
755,george-stancescu,0.0
756,sergei-ipatov,7.205759403792794e+17
757,alex-lukovkin,1.152921504606847e+18
758,jacek-slowik,0.0
759,ivana-staraj,1.3835058055282164e+19
760,paulina-slowik-h5ooo,281474976710656.0
761,pawel-herod,0.0
762,jonathan-elter,0.0
763,francesco-poderini,0.0
764,magdalena-wyrtki,0.0
765,martin-feistl,0.0
766,peter-verginer,0.0
767,ofer-blutrich,0.0
768,otaviano-montes-zibetti,0.0
769,mateusz-baran,2.8823037615171174e+17
770,severin-auer,4503599627370496.0
771,marko-sturm,5.856108880702997e+16
772,nicola-gasparre,0.0
773,david-wimmer,0.0
774,dunja-dragun,75110388072448.0
775,zuzanna-maciejczyk,0.0
776,malebranchi-malebranchi,0.0
777,ana-markovic,7.128554838752156e+17
778,havijer-lesnik,0.0
779,paulina-michalska,0.0
780,william-bosi,0.0
781,bor-levicnik,5.2804705630919064e+16
782,jeff-jones,0.0
783,maja-sustar-f,3.181038533599692e+21
784,marysia-szymanska,0.0
785,dariia-karavaieva,0.0
786,marko-basic,4.0352252661239644e+18
787,benjamin-kalan,0.0
788,kasia-janusz,68719476736.0
789,piotr-janusz,1202590842880.0
790,matej-sova-u3407,1.511249508238655e+23
791,michael-naumenko,2.8823037615171174e+17
792,katja-kadic,1.2089258196146292e+24
793,kostya-p,0.0
794,michael-shishlyaev,0.0
795,m-jackson,0.0
796,stas-sobanski,68719476736.0
797,slawomir-sobanski,0.0
798,marysia-szczepankiewicz,0.0
799,asia-asia,0.0
800,pawel-porebski-yjz6b,4.611686018427388e+18
801,tomek-rumianowski,2.9514790517935283e+20
802,evgeny-lovtcev,281474976710656.0
803,ciocan-elen,0.0
804,jan-malkovich,0.0
805,wojtek-kozakiewicz,0.0
806,misha-utkin,0.0
807,p-c,0.0
808,matic-lapajne,68719476736.0
809,peter-kuric,0.0
810,bozena-kraszewska,0.0
811,p-iwaniuk,4503599627370496.0
812,marcin-kraszewski,0.0
813,jakob-dellinger,7.205759403792794e+16
814,tomas-ni,1.152921504606847e+18
815,mateusz-sikora-38091,0.0
816,artur-kraszewski,0.0
817,lina-stock-78200,0.0
818,daria-jantowska,0.0
819,aleksey-krinetsky,0.0
820,krisztina-rozsa,1.8985487179133748e+16
821,ivan-vodopivec,1446787565045678.0
822,johannes-muellner,1.152921504606847e+18
823,przemek-mizera,0.0
824,misha-tkachuk,0.0
825,ziutek-pi,0.0
826,johannes-geiss,0.0
827,mateusz-lazor,0.0
828,mateusz-chrzest,0.0
829,michaela-izakovicova,0.0
830,olga-tanasheva,0.0
831,katie-lambert-f,0.0
832,anna-witynska,0.0
833,benjamin-ditto,0.0
834,andreas-hanisch,0.0
835,wiola-imiolczyk,2.9514790517935283e+20
836,artek-maslanka,0.0
837,asia-rodowicz,0.0
838,christian-muench,4.265809567045334e+19
839,marcin-bolek,0.0
840,mateusz-kurowski,0.0
841,przemyslaw-krauze,4.722366482869645e+21
842,adam-roziu,1.152921504606847e+18
843,vincent-hessfeld-diagp,0.0
844,tamas-farkas,7.555786372591432e+22
845,stefan-kaiser,1.152921504606847e+18
846,isabelle-koelle,4.722366482869645e+21
847,lenka-slezakova,4.722366482869645e+21
848,christoph-kappacher,1.888946593147858e+22
849,andreas-bibabo,0.0
850,philipp-gassner,3.022314549036573e+23
851,viktor-gruber,0.0
852,grzegorz-bula-golowczyk,0.0
853,ania-majchrowska,0.0
854,adam-ondra,1.9342813113834067e+25
855,lukasz-grzadka,4.611686018427388e+18
856,pascal-rothauer,0.0
857,lukas-franz,0.0
858,borna-cujic,8.827055269646172e+17
859,tim-unuk,1.0094496879063297e+18
860,ola-cichecka,0.0
861,monika-krauze,0.0
862,marcell-ipach,0.0
863,andy-lee,0.0
864,marton-gergye,0.0
865,petra-dolar,0.0
866,szabo-zsuzsa-bobi,0.0
867,simon-schoepf,0.0
868,danihua-black,0.0
869,tomasz-pasich,0.0
870,ivan-klasinc,0.0
871,david-no,0.0
872,chrstph-klbl,0.0
873,markus-psss,0.0
874,sylwia-buczek-28009,0.0
875,michal-broczkowski,7.205759403792794e+16
876,megi232-megi232,0.0
877,robert-sokolowski,0.0
878,simon-widmayr,4.611686018427388e+18
879,zuzia-banas,0.0
880,michael-mangerich,0.0
881,jan-skriwanek,0.0
882,iga-oraem,1.2517433478588625e+19
883,ondrej-nevelik,0.0
884,karolina-nevelikova,0.0
885,user-deactivated-14502,1.1218842351342154e+16
886,philip-oberheinricher,0.0
887,stefan-charisse,0.0
888,vito-muzevic,4.722366482869645e+21
889,borut-rus,3.3942009095625575e+21
890,a-peche,0.0
891,marton-fidy,3.93938866605352e+20
892,komjati-zoli,7.555786372591432e+22
893,adam-olejniczak,0.0
894,sinisa-alavanja,1.2912720851596686e+20
895,marin-marasovic,0.0
896,piotr-schab,0.0
897,maciej-dobrzanski,0.0
898,ulf-lennertz,0.0
899,tim-reuser,0.0
900,jakub-konecny,0.0
901,ramon-julian-puigblanque,0.0
902,nikki-van-bergen-f,0.0
903,snorre-sulheim,0.0
904,szymon-debowski,281474976710656.0
905,bittor-esparta,0.0
906,sabina-alex,0.0
907,andoni-esparta,0.0
908,lucka-franko-f,2.3658129418517595e+21
909,wie-wiorka,0.0
910,andrzej-kajdan,0.0
911,paulina-k,0.0
912,tom-koziol,1125899906842624.0
913,radek-maly-urbanczyk,0.0
914,tomek-woszkowski,1125899906842624.0
915,monika-debowska,0.0
916,pawel-student,0.0
917,grzegorz-figura,0.0
918,daniel-wiener,0.0
919,silena-kosara,281474976710656.0
920,bjorn-owren,4.722366482869645e+21
921,maria-sperl,0.0
922,martine-frekhaug,4.611686018427388e+18
923,agatha-orlikova,0.0
924,timon-lauck,0.0
925,carlo-giuliberti,0.0
926,matthias-feymann,0.0
927,alex-armbruster,0.0
928,robert-misko,0.0
929,aneta-piskulak-lakwa,0.0
930,kuba-lakwa,0.0
931,gabor-barabas,9.367487224930632e+17
932,zan-kuralt,1.0376293541461623e+19
933,kuba-ciechanski,0.0
934,pawel-tkocz-bj5pd,0.0
935,sven-kapelj,6.124895493223875e+17
936,jani-zoraj,1.512633014044183e+20
937,waldek-lalik,0.0
938,jokubas-butautis,0.0
939,andrzej-olejniczak,0.0
940,leszek-gazicki,0.0
941,veronika-vergara-v-de-bruenion,0.0
942,gilles-roosen,0.0
943,david-koljnrekaj,4.722366482869645e+21
944,luka-sironic,7.205759403792794e+16
945,sebastian-wittmann,1.8014398509481984e+16
946,marek-cincio,0.0
947,joanna-niechwiedowicz,0.0
948,janez-svoljak,1.888946593147858e+22
949,flo-bee,0.0
950,boris-cujic,2.508757194024499e+21
951,chris-pendl,281474976710656.0
952,oli-ro,0.0
953,mark-zaus,0.0
954,simon-schoenach,1.152921504606847e+18
955,filip-kucharczuk,0.0
956,gernot-mausser,0.0
957,ivan-tomasek,8.485502273906393e+19
958,visko-kl,9.367487224930632e+17
959,nikolay-moshkin,0.0
960,callum-coldwell-storry,0.0
961,denis-olesik,1.562749070697562e+18
962,laurens-machiel,0.0
963,starkus-le-panzer,0.0
964,konstantin-protsenko,0.0
965,irina-voskoboinikova,281474976710656.0
966,jan-kiebel,0.0
967,nikolay-dolnik,1.152921504606847e+18
968,alexey-orudzhev,0.0
969,konstantin-liferenko,4.611686018427388e+18
970,daria-alekseeva,0.0
971,yura-sorokin,175921860444160.0
972,tomasz-bialecki,0.0
973,varvara-ilina,281474976710656.0
974,yury-shamardin,2.9514790517935283e+20
975,petar-gojtanic,0.0
976,christian-welkhammer,0.0
977,tamas-nagy,0.0
978,siegfried-eicher,0.0
979,olga-annenkova,1.8446744073709552e+19
980,vadim-rotov,0.0
981,dorota-sekowska,0.0
982,rocco-romano,0.0
983,luka-perunovic,0.0
984,andreas-kofler,0.0
985,iva-vejmolova,0.0
986,balazs-gyenes,281474976710656.0
987,kresimir-moric,3.2281802128991715e+19
988,michal-gach,281474976710656.0
989,max-lechleitner,0.0
990,luca-bridda,0.0
991,ruben-kunze,0.0
992,alicja-bykowska,0.0
993,aaa-bbbb,68719476736.0
994,markus-andregowitsch,140746078289920.0
995,karolina-oska-0t7n2,7.378697629483821e+19
996,krzysztof-nosal,2.9514790517935283e+20
997,ela-lis,0.0
998,lara-neumeier,0.0
999,patrycja-syska,0.0
1000,gergo-mezos,0.0
1001,ole-landsverk,7.205759403792794e+16
1002,nora-weidinger,0.0
1003,christian-kjellberger,4.611686018427388e+18
1004,agnes-livia-bodor,7.205759403792794e+16
1005,g-hz,1.152921504606847e+18
1006,ivan-turner,0.0
1007,peter-lustig,0.0
1008,melanie-michalski,0.0
1009,ondra-vitek,0.0
1010,harald-penasso,2.9514790517935283e+20
1011,ula-tebin,0.0
1012,aleksander-kawelczyk,0.0
1013,thilo-mueller,0.0
1014,ruben-marin,0.0
1015,martin-zorko,4.611686018427388e+18
1016,juergen-gotthardt,0.0
1017,mar-gruen,0.0
1018,andre-luedtke,0.0
1019,robert-dobnik,5.919727870926793e+20
1020,domen-terzan,1.152921504606847e+18
1021,david-atelsek,2.998496631903276e+18
1022,damir-wilder,7.205759403792794e+16
1023,lukas-wallner,0.0
1024,avni-sinanaj,1.152921504606847e+18
1025,kat-in,0.0
1026,moritz-kampelmuehler,0.0
1027,b-b-34917,1.8446744073709552e+19
1028,barbara-g,1.152921504606847e+18
1029,zenek-ziolko,0.0
1030,blaz-solar-dxgnq,0.0
1031,bertram-bacher,1.152921504606847e+18
1032,julija-kadunc,0.0
1033,david-trost,2.8823037615171174e+18
1034,bzs-iam,1.152921504606847e+18
1035,laszlo-czako,0.0
1036,balazs-albert,0.0
1037,gergely-nemet,0.0
1038,izer-balint,2.928219367093043e+17
1039,gorazd-hren,5.902958103587057e+20
1040,michael-gro,0.0
1041,jost-balent,0.0
1042,mariusz-grandys,0.0
1043,lorant-gyorgyevics,5.98978750440276e+17
1044,da-hons,0.0
1045,vero-mat,0.0
1046,kaltfront,1.152921504606847e+18
1047,boglarka-tornai,0.0
1048,hagen-wernicke,70368744177664.0
1049,mike-man,0.0
1050,istvan-miskei,0.0
1051,aron-rigo,0.0
1052,imre-kelenyi,0.0
1053,bojan-rendulic,0.0
1054,igor-raguz,0.0
1055,robert-toth,4.818851601286431e+17
1056,dino-hajdarevic,0.0
1057,peter-novoszadek,1.152921504606847e+18
1058,sebastjan-koderman,68719476736.0
1059,darko-herak,2.6458647810801664e+16
1060,vladimir-simovic,1689090378432512.0
1061,mislav-juranko,0.0
1062,ivica-pletikosa,0.0
1063,maik-fresl,2.7021597764222976e+16
1064,vjekoslav-vrbljanin,0.0
1065,anze-miklic,0.0
1066,gasper-fasun,1.1805916207174113e+21
1067,stanko-bazdaric,4.722366482869645e+21
1068,grgur-culina-72598,7.205759403792794e+16
1069,silvijo-vuk-51661,3.2281802128991713e+18
1070,dora-lukenda,703687441776640.0
1071,nikola-kufrin,1099511627776.0
1072,lovro-lesnik,0.0
1073,andreas-jakwerth,0.0
1074,karolina-vizi,0.0
1075,markus-guggenberger,4.722366482869645e+21
1076,marko-gereci,7.205759403792794e+16
1077,nika-percic,0.0
1078,w-g,3.91993311566328e+19
1079,martin-meilick,1.152921504606847e+18
1080,matthias-meilick,2.8823037615171174e+18
1081,zsofia-szakacs,0.0
1082,adrian-grbac-lackovic,0.0
1083,michael-ginszt,0.0
1084,elia-besombes,0.0
1085,szymon-dabrowski,7.205759403792794e+16
1086,grzegorz-swed,1.152921504606847e+18
1087,piotr-oleszczuk,0.0
1088,tymon-karczmarczyk,0.0
1089,laura-greil,0.0
1090,doris-franzmayr-71685,0.0
1091,ante-predovic,0.0
1092,marcin-motyka,0.0
1093,nikolaj-novak,0.0
1094,donovan-coetzee,0.0
1095,krisztina-klincsek,0.0
1096,david-m-navarro,0.0
1097,iris-gutierrez,0.0
1098,ivan-tomicic,4503599627370496.0
1099,stefan-grill,0.0
1100,lukas-wiesinger,0.0
1101,gergo-vajoczki,7.205759403792794e+16
1102,meikl-gius,7.205759403792794e+17
1103,andre-lukas,7.205759403792794e+16
1104,neven-kmetic,103079215104.0
1105,doris-defar-72868,0.0
1106,hrvoje-crnjak-71429,0.0
1107,daniel-riedl,70368744177664.0
1108,gabor-horvath,0.0
1109,vane-simic,1.0293942005418277e+18
1110,thomas-weghofer,1.8446744073709552e+19
1111,brigitte-engel,0.0
1112,dalma-horvath,0.0
1113,vasadi-szabolcs,0.0
1114,philipp-schloemer-69993,0.0
1115,klemen-plesec,3820802906521.6
1116,ana-pavic,3.4212003987467916e+16
1117,marin-bek,0.0
1118,katarina-sipic,4.611686018427388e+18
1119,soma-korcz,0.0
1120,gabor-borbely,281474976710656.0
1121,david-fekete,0.0
1122,viviana-gonzalez,0.0
1123,jan-bo,0.0
1124,singer-pfaff,0.0
1125,robin-sparkles,0.0
1126,kristijan-borkovic,7.926335344172073e+17
1127,rupert-schindler,1.17994310237107e+18
1128,ivan-kuvacic,0.0
1129,branko-kragic-marinic,0.0
1130,felix-g,0.0
1131,thomas-oysmueller,0.0
1132,peter-beliczky,1.152921504606847e+18
1133,tanka-rhai,0.0
1134,szilvi-hegedus,0.0
1135,szabolcs-kriston,0.0
1136,ferenc-bodogan,4503599627370496.0
1137,magdullah-magdullah,0.0
1138,martin-baurecht,7.378697629483821e+19
1139,sao-ocvirk,3.6261028350606207e+21
1140,damir-kmoch,0.0
1141,travis-vincze,2.9514790517935283e+20
1142,er-dubosky,0.0
1143,guillaume-desvignes,0.0
1144,marko-marflak,3.61695345073193e+16
1145,mrotschny,0.0
1146,piotr-kordek,3.246626956972881e+21
1147,incze-abel,0.0
1148,istvan-zoltan-toth,0.0
1149,matja-matija,0.0
1150,simon-roth,0.0
1151,konrad-reuss,0.0
1152,rok-rokar,8.827055269646172e+17
1153,petra-fabijanic,1.152921504606847e+18
1154,anna-wenger-68902,0.0
1155,miro-wozniak,4.722366482869645e+21
1156,przemek-rostek,0.0
1157,daniel-opiekulski,1.8014398509481984e+16
1158,dariusz-budzko,0.0
1159,marek-gruchowski,0.0
1160,andreas-hammer,0.0
1161,stefan-koechel,0.0
1162,andreas-hocheder,0.0
1163,darija-curic,0.0
1164,user-deactivated-32425,0.0
1165,nen-amagat,0.0
1166,sandor-dani,0.0
1167,philipp-muntean,0.0
1168,user-deactivated-32157,0.0
1169,andre-verissimo,117647744172032.0
1170,simone-dreger,0.0
1171,marko-zabcic,4.953959590107546e+16
1172,k-wierzchu,0.0
1173,miguel-fernandez-botana,0.0
1174,user-deactivated-45893,3.828059683264922e+16
1175,sinisa-atlija-8x4rn,0.0
1176,anja-meier,0.0
1177,thomas-vieider,0.0
1178,ane-varga,8.411715297611556e+21
1179,tanja-kovacic,68719476736.0
1180,em-ma,0.0
1181,mariusz-farat,2.9514790517935283e+20
1182,miroslav-vojta,0.0
1183,karolina-sikorska,0.0
1184,rafal-malinowski,0.0
1185,miha-rainer,0.0
1186,peter-haas,0.0
1187,martin-unger,0.0
1188,lan-marion-roenbergar,1.152921504606847e+18
1189,mitja-majcenovic,3.022314549036573e+23
1190,trpimir-jakovina,6.124895493223875e+17
1191,arpad-vas,4503599627370496.0
1192,marco-hrlic,0.0
1193,misha-chu,0.0
1194,stefan-colchon,7.205759403792794e+16
1195,mihai-stanescu,1.8446744073709552e+19
1196,christian-doppler,0.0
1197,oleksandr-zilinskiyy,0.0
1198,jenya-kazbekova-f,0.0
1199,barna-kerenyi,0.0
1200,sandi-kriznik,0.0
1201,matev-miljavec,1.8446744073709552e+19
1202,lu-pretti,0.0
1203,bozidar-hrovat,0.0
1204,rade-akmadzic,3.828059683264922e+16
1205,fabio-pichler,0.0
1206,joanna-metelska,0.0
1207,bartosz-pazola,0.0
1208,marek-bartnikowski-5184,0.0
1209,gabor-foelker,0.0
1210,tamas-zoltan-agocs,2286984185774080.0
1211,erdos-gabor,0.0
1212,peter-kis,7.205759403792794e+16
1213,milan-vucinic,0.0
1214,valtteri-rintamaeki,0.0
1215,romain-thiery,0.0
1216,viktor-szuhai,281474976710656.0
1217,alexis-martin,0.0
1218,vladimir-zivkovic,0.0
1219,rok-eko,0.0
1220,julien-bm,0.0
1221,ivan-steficar,0.0
1222,tihomir-jambrovic,0.0
1223,lukas-steinberger,0.0
1224,robi-lee,7.205759403792794e+16
1225,kresimir-romic,274877906944.0
1226,zeljko-patljak,0.0
1227,alexandra-dzhiganskaya,0.0
1228,luka-strubelj,8598323200.0
1229,aleks-klu,0.0
1230,werner-obrist,0.0
1231,simon-moessler-76435,0.0
1232,miriam-nussbaumer,0.0
1233,emilian-sulicz,68719476736.0
1234,tomek-hajnos,0.0
1235,philipp-demuth,0.0
1236,soeren-hohmann,0.0
1237,michael-wirnsberger,0.0
1238,max-g,0.0
1239,vid-benedik,0.0
1240,rafal-dzi,0.0
1241,mateusz-halicki,0.0
1242,christoph-weberbauer,0.0
1243,tiffany-fung,0.0
1244,jakub-czana,0.0
1245,padraig-chispa,4503599627370496.0
1246,christian-heydecker,4503599627370496.0
1247,joanna-tom,0.0
1248,lorenzo-piana,0.0
1249,mo-ar,0.0
1250,irena-bezlaj,0.0
1251,lucia-lorenzi,0.0
1252,richard-habersam,0.0
1253,marcel-matzer,0.0
1254,pawel-gietka,7.205759403792794e+16
1255,marco-bortolato,0.0
1256,chudakova-tatiana,0.0
1257,aleksandra-polec,0.0
1258,oliver-javerschek,4.953959590107546e+16
1259,sander-werelds,0.0
1260,kuba-kaminski,1.0
1261,slavko-vozelj,0.0
1262,elfi-hasler,0.0
1263,jakob-ogrin,82465049804.8
1264,giulio-cassio,4.611686018427388e+18
1265,miro-repar,0.0
1266,slaven-vukovic,0.0
1267,marketa-janosova,0.0
1268,alicja-marzec,0.0
1269,lord-caballero,0.0
1270,thomas-laubensdoerfer,3.61695345073193e+16
1271,anke-laubensdoerfer,0.0
1272,davor-zupancic,0.0
1273,kati-meyer,0.0
1274,sara-bergentz,0.0
1275,christof-bernsteiner,0.0
1276,christian-engelbrecht,0.0
1277,elliot-lis,0.0
1278,franz-hammer,68719476736.0
1279,lorenz-pohl,0.0
1280,andreas-ermer,0.0
1281,maja-vrancich-vukas,0.0
1282,peter-bosch,0.0
1283,przemyslaw-kapusta,0.0
1284,david-sedeno,0.0
1285,christian-bondani,0.0
1286,berni-h,0.0
1287,toma-bukovinski,45835354112.0
1288,peter-simkanin,0.0
1289,markus-glueck,0.0
1290,irene-busch,0.0
1291,robert-busch,0.0
1292,bla-sutlovic,38671482880.0
1293,alen-majcan,1.152921504606847e+18
1294,ricardo-miquel,0.0
1295,denies-du-mon,0.0
1296,gerald-suppan,0.0
1297,marija-mikulcic,0.0
1298,jan-jurecka,0.0
1299,kotolak-xyz,0.0
1300,manuel-rodriguez,0.0
1301,eva-zaletel,53452210176.0
1302,christian-winklmair,7.205759403792794e+16
1303,elias-heinemann,0.0
1304,jelena-jakovljevic,0.0
1305,michael-papp,0.0
1306,alexander-allmann,0.0
1307,janez-a-stein-johan,10653532160.0
1308,damian-granowski,0.0
1309,karol-ch,17179869184.0
1310,marcin-charkiewicz,0.0
1311,simone-raina,0.0
1312,user-deactivated-34199,0.0
1313,nina-kovarikova,0.0
1314,pawel-oleksy,0.0
1315,maciej-drzniewicz,0.0
1316,pawel-olszewski,0.0
1317,michal-wyzlic,0.0
1318,zmija-zlanja,281474976710656.0
1319,gerhard-kremser,0.0
1320,jozi-pavlic,4.908923593833841e+18
1321,jaka-fajfar,3.2281802128991713e+18
1322,rafal-pawinski-6o9f1,7.205759403792794e+16
1323,krzysztof-zarzycki,0.0
1324,nim-haver,0.0
1325,joerg-lehner,0.0
1326,roger-de-esteban,0.0
1327,alba-friky,0.0
1328,naitsabes-kicjow,68719476736.0
1329,pieter-hubregtse,0.0
1330,primo-bratun,2.9514790517935283e+20
1331,user-deactivated-33251,140746078289920.0
1332,grzegorz-bajson,68719476736.0
1333,marek-szczerbicki,17179869184.0
1334,johannes-pohl,0.0
1335,daniele-adamic,0.0
1336,krzysztof-jurkowski,68719476736.0
1337,filip-starzecki,42949672960.0
1338,tilen-cernigoj,233646220902.4
1339,yuriy-boyko,0.0
1340,flo-ri,7.205759403792794e+16
1341,jaroslaw-nowak-gn38t,0.0
1342,leo-heun,0.0
1343,oliver-mick,0.0
1344,timna-prah,16777216.0
1345,luka-vukobratovic,0.0
1346,hubert-malek,0.0
1347,jacek-wajda,17179869184.0
1348,user-deactivated-33777,0.0
1349,artur-mydlarz,0.0
1350,freddie-chopin,0.0
1351,grzegorz-s,68719476736.0
1352,christian-mairitsch,0.0
1353,marcin-tanistra,0.0
1354,marko-bratina,7.378697629483821e+19
1355,hania-p,0.0
1356,lukasz-juszczyk-4raqe,0.0
1357,nelson-gomes-matias,42949672960.0
1358,valentina-micol,17179869184.0
1359,borut-lenc,1.8446744073709552e+19
1360,albert-bochnert,0.0
1361,norbert-vad,0.0
1362,francesca-berardi,42949672960.0
1363,dalibor-gelo,0.0
1364,pawel-strzelecki,281474976710656.0
1365,francesco-fontanini,70368744177664.0
1366,aleksandar-mataruga,2.9514790517935283e+20
1367,szocs-karoly-csaba,0.0
1368,sandi-licen,281474976710656.0
1369,nagy-hanna,0.0
1370,dennis-g-m,0.0
1371,adrian-zeller,0.0
1372,klaus-t,0.0
1373,lilla-balint,0.0
1374,jan-bednarik-28216,0.0
1375,josi-bittendorfer,7.205759403792794e+16
1376,markus-bittendorfer,1.152921504606847e+19
1377,alexander-gradenegger,0.0
1378,martin-classen,0.0
1379,katinka-van-sprang,0.0
1380,piotr-konarski,0.0
1381,janez-franc-vratanar,4.0655653057188813e+18
1382,user-deactivated-29173,1.152921504606847e+18
1383,lukasz-rogowski,0.0
1384,jacek-wojnarowski,0.0
1385,radek-rola,0.0
1386,lukasz-radziechowski,1.152921504606847e+18
1387,vid-cufar,4.611686018427388e+18
1388,cyril-kratochvil-9356,0.0
1389,zsolt-pulinka,0.0
1390,sandi-pelko,7.378697629483821e+19
1391,user-deactivated-22449,0.0
1392,marc-horbal,1.152921504606847e+18
1393,pedro-gomes,0.0
1394,jorge-sharma-duarte,0.0
1395,klemen-dovan,8.646911284551352e+17
1396,david-schweiger,0.0
1397,kinga-brumbauer,0.0
1398,botjan-t,104103760029882.19
1399,vojko-rajh,45393045690.181816
1400,michael-a,0.0
1401,alberto-pasini,0.0
1402,emiliano-temporale,0.0
1403,julian-l,0.0
1404,ales-ugovsek,1.152921504606847e+18
1405,jaka-gogala,0.0
1406,beata-brzeczek,0.0
1407,darek-mielczarek,0.0
1408,a-b,274877906944.0
1409,katja-spehar,16777216.0
1410,user-deactivated-21875,0.0
1411,iga-domadenik,7.205759403792794e+16
1412,istvan-agh,1.1805916207174113e+21
1413,rok-novak,48103633715.2
1414,jaka-kobal,0.0
1415,tadej-furlanic,68719476736.0
1416,matic-kozmus,0.0
1417,robert-lakovnik,67108864.0
1418,laurenz-trawnicek,0.0
1419,michael-thomas-jurman,34667096965.12
1420,minca-mramor,0.0
1421,alexander-areteos,0.0
1422,jf-middelhoek,0.0
1423,herre-lippes,0.0
1424,germano-degan,0.0
1425,eline-nas,0.0
1426,jan-reisen,0.0
1427,gasper-vrhovnik,0.0
1428,jakub-b,68719476736.0
1429,ales-janzekovic,4.611686018427388e+18
1430,janko-domitrovic,3.6893488147419103e+19
1431,jurij-kurnik,0.0
1432,simon-rutar,65103545182.31579
1433,rok-zore,137438953472.0
1434,sanjin-gotic,0.0
1435,gerd-essl,0.0
1436,per-engman,281474976710656.0
1437,peter-novak,0.0
1438,nicky-nicky,93847904321536.0
1439,marusa-rodic-f,0.0
1440,petra-fischer,0.0
1441,dominik-hajduk,0.0
1442,moos-van-caspel,0.0
1443,andrew-tau,7.205759403792794e+16
1444,uro-istenic,51539607552.0
1445,bartek-zasadny,0.0
1446,gaper-jelen,2.8823037615171174e+17
1447,luca-martin-7252,0.0
1448,michael-hallmann,0.0
1449,mr-koidl,0.0
1450,diogo-bento,0.0
1451,gaper-potrebuje,2.9514790517935283e+20
1452,user-deactivated-21889,0.0
1453,mito-meznarsic,0.0
1454,user-deactivated-14497,7.205759403792794e+16
1455,janeic-bojan,0.0
1456,user-deactivated-2460,0.0
1457,otto-schapendonk,17179869184.0
1458,martin-poetter,0.0
1459,thomas-wehmeyer,0.0
1460,uros-pavlic-6749,4.611686018427388e+18
1461,eduard-tudor,0.0
1462,sinisa-hrestak,0.0
1463,cikic-cedomir,4.722366482869645e+21
1464,jan-holzer,0.0
1465,andrej-sotelek,0.0
1466,gregor-selak-7239,0.0
1467,milos-prazan,0.0
1468,milos-stosic-4593,0.0
1469,daniel-pringle,0.0
1470,mitja-lunder,1688849860263936.0
1471,dirk-uhlig,0.0
1472,vladimir-sauli,0.0
1473,torsten-schaefer,0.0
1474,joerg-schwerdt,16777216.0
1475,niels-van-duyn,0.0
1476,miko-babiszkiewicz,0.0
1477,lukas-sam,68719476736.0
1478,thomas-hjerrild,0.0
1479,erik-svab,0.0
1480,robert-nejman,0.0
1481,darek-niemczyk,0.0
1482,mojca-zerjav-f,9.44473296573929e+21
1483,jochen-perschmann,0.0
1484,metka-jug-f,2.8823037615171174e+18
1485,jernej-turnek,2.9514790517935283e+20
1486,sven-lakovnik,0.0
1487,arne-grage,0.0
1488,janez-kotar,0.0
1489,silvan-biffiger,4.722366482869645e+21
1490,manja-tisler,0.0
1491,vid-kosicek,0.0
1492,martina-cufar-potard,1.2089258196146292e+24
1493,bostjan-potocnik,0.0
1494,soma-strommer,4.722366482869645e+21
1495,marko-mrse,1.8446744073709552e+19
1496,sebastjan-v,0.0
1497,primo-cerar,68719476736.0
1498,domen-teran,0.0
1499,rok-godec,2.9514790517935283e+20
1500,kristof-frelih,0.0
1501,matthias-prettner-l6uoa,0.0
1502,edoardo-gallo,0.0
1503,stephan-van-den-berg,4.722366482869645e+21
1504,timna-sprah,1.8446744073709552e+19
1505,marco-nizzoli,0.0
1506,will-patterson,0.0
1507,michael-moser,0.0
1508,lukas-kiefer,0.0
1509,isaac-climent,0.0
1510,dennis,1.152921504606847e+18
1511,primo-arh,4.722366482869645e+21
1512,adam-harrison,1.844674407370955e+20
1513,sami-aziz,2.951479051793528e+21
1514,marko-markus,0.0
1515,tamara-vukovic,274877906944.0
1516,ane-peharc,0.0
1517,marta-jedrejcic,0.0
1518,lucija-jedrejcic,0.0
1519,dariusz-pawlak,46170898432.0
1520,mitja-zakotnik,3.022314549036573e+23
1521,urban-azman,2.2667359117774297e+23
1522,magdalena-piwowarczyk,1073741824.0
1523,bartosz-dittmar,1073741824.0
1524,piotr-wiciak,545259520.0
1525,paula-wiciak,1073741824.0
1526,nace-pavc-pifo,39277859401.14286
1527,aleksander-ao,1.888946593147858e+22
1528,jure-primc,4.722366482869645e+21
1529,user-deactivated-28981,3.659174697238528e+16
1530,dave-cross,0.0
1531,yannicke-goris,68719476736.0
1532,luca-de-demo-b5ftl,0.0
1533,chris-reddy,0.0
1534,sasa-ilic,0.0
1535,johanness-mayer,0.0
1536,user-deactivated-26635,0.0
1537,jure-becan,0.0
1538,miha-cesnik,1.1805916207174113e+21
1539,javier-elizondo,0.0
1540,tululo-iv,0.0
1541,iva-vrdoljak,0.0
1542,demir-baric,0.0
1543,ane-martincic,4.722366482869645e+21
1544,anja-unuk,4.323455642275676e+17
1545,sasaki-kojiro,0.0
1546,m-stangl,0.0
1547,jure-zdovc,1.8446744073709552e+19
1548,britta-franke,16777216.0
1549,patrick-petje-coenen,16777216.0
1550,leja-kos,0.0
1551,christian-pointner,0.0
1552,kipras-baltrunas,0.0
1553,jani-abe,0.0
1554,adam-mcclain,0.0
1555,valentin-mak,4.722366482869645e+21
1556,matija-zupan,0.0
1557,user-deactivated-4833,0.0
1558,oskar-k-linares,0.0
1559,felix-cantalapiedra,0.0
1560,tristan-salson,0.0
1561,rupert-messner,0.0
1562,sasa-zezelic,68719476736.0
1563,bernard-jerman,0.0
1564,miha-vovk,0.0
1565,matevz-pintar,0.0
1566,jure-bornsek,0.0
1567,nejc-solje,0.0
1568,jan-borko,0.0
1569,erik-paulsen,0.0
1570,klemen-vodlan,1.2089258196146292e+24
1571,david-stepanjan,6.044629098073146e+23
1572,franz-fackler,0.0
1573,katja-pretnar,0.0
1574,haf-kehoe,0.0
1575,philipina-berndico,0.0
1576,gloesener-tom,0.0
1577,tom-rainbow,0.0
1578,dominique-berndt,1.152921504606847e+18
1579,philipp-trimmel,0.0
1580,jennifer-buckley,0.0
1581,mar-piz,0.0
1582,alexander-lurye,0.0
1583,marco-sarti,0.0
1584,robin-reynaud,0.0
1585,daniel-f,0.0
1586,lisa-gradwohl,0.0
1587,mee-crob,1.152921504606847e+18
1588,ashild-stapnes,0.0
1589,veronika-krizsan,0.0
1590,enrico-giorello,0.0
1591,martina-giorello,0.0
1592,miha-kof,0.0
1593,toma-binter,0.0
1594,lucio-spettu,0.0
1595,iris-hoogendoorn,0.0
1596,jernej-luka,4.722366482869645e+21
1597,christian-preschern,0.0
1598,fabrizio-giorgi,0.0
1599,jure-primc-30982,0.0
1600,evert-bovens,0.0
1601,gergely-kismarczi,0.0
1602,kornel-payer,0.0
1603,ferenc-bubb,0.0
1604,user-deactivated-10239,0.0
1605,stefano-varnerin,7.555786372591432e+22
1606,natalija-gros-f,0.0
1607,klemen-becan-5734,0.0
1608,lana-skusek,0.0
1609,gasper-azinovic,0.0
1610,matev-kotnik,0.0
1611,ambroz-kregar,17592186044416.0
1612,lovro-bozicevic-70603,0.0
1613,ivailo-fazata,0.0
1614,alex-totkova,0.0
1615,andreja-prebil,9.7998327891582e+18
1616,balazs-serenyi,0.0
1617,gianluca-daniele,0.0
1618,ivan-perasovic,0.0
1619,maila-petrucco,0.0
1620,primoz-zupancic,0.0
1621,jure-gvozdanovic,2.8823037615171174e+18
1622,alkor-kolacko,274877906944.0
1623,danua-viintin,0.0
1624,hrvoje-rimac,0.0
1625,filip-sobot,0.0
1626,tom-van-der-zalm,274877906944.0
1627,jonatan-jarc,0.0
1628,igor-koutic,1.8446744073709552e+19
1629,gregor-seliga,0.0
1630,gregor-malensek,0.0
1631,neda-podergajs,0.0
1632,nobady-none,0.0
1633,anze-arko,0.0
1634,zdravko-cerovac,0.0
1635,maja-vidmar-f,0.0
1636,slnkh-sss,0.0
1637,igor-dorotich,0.0
1638,luka-gasparovic,0.0
1639,tomo-gotic,0.0
1640,petra-milinkovic-f,0.0
1641,marko-rozman,0.0
1642,juergen-stumpf,0.0
1643,david-antunes-7994,0.0
1644,veronika-vesel-potocnik,0.0
1645,nejc-peljhan,0.0
1646,markus-eberl,0.0
1647,marko-mlakar,0.0
1648,roberto-giuffrida-roby,0.0
1649,daddy-woedmasta,0.0
1650,erik-stojanovic-k,2286984185774080.0
1651,brina-pungercic,4503599627370496.0
1652,sara-gluic,0.0
1653,katja-planinc,0.0
1654,uro-perko,0.0
1655,peter-mrak,7.555786372591432e+22
1656,martin-schidlowski,0.0
1657,miha-jerot,0.0
1658,matjaz-bohoric,0.0
1659,szymon-jakubowski,0.0
1660,urban-gros,0.0
1661,gasper-bratina,0.0
1662,marwan-zeitoun,0.0
1663,edi-bulic,0.0
1664,bon-sai,0.0
1665,toni-dikov,0.0
1666,tom-smart,0.0
1667,matev-vucer,0.0
1668,lorenzo-la-rosa-yalsf,0.0
1669,gianluca-bosonin,0.0
1670,eva-scroccaro-f,0.0
1671,irina-cherniaeva,0.0
1672,raffa-cottalorda,0.0
1673,matteo-sangalli,0.0
1674,amilcar-luciani,0.0
1675,filip-sironic,0.0
1676,julija-kruder,0.0
1677,giulia-lazzini,0.0
1678,chiara-boccali,0.0
1679,manuel-coretti,0.0
1680,matija-gros,0.0
1681,ziga-pavlic,0.0
1682,luka-klemencic,0.0
1683,jan-sajovic,0.0
1684,peter-janeic,0.0
1685,matej-vesel,0.0
1686,bozidar-peklenik,0.0
1687,jimi-ansio,0.0
1688,user-deactivated-27533,281474976710656.0
1689,ane-sajevic,68719476736.0
1690,igor-nonne,0.0
1691,demian-srpcic,0.0
1692,tadej-remic,0.0
1693,alexandru-maroiu,3355444.0
1694,ju-sch,0.0
1695,miha-plazar,5.404319552844595e+16
1696,miha-jarm-20166,1.8446744073709552e+19
1697,david-schickengrvber,0.0
1698,andrej-mady,0.0
1699,marvin-winkler,0.0
1700,alexandra-sadler,0.0
1701,martinique-p,0.0
1702,dominik-boesch,0.0
1703,thomas-zeindl,0.0
1704,dariusz-nosal,0.0
1705,manuel-tanzer,0.0
1706,raymond-linklater,0.0
1707,ross-cooper,0.0
1708,michal-wisniewski,0.0
1709,daniel-olszewski,0.0
1710,piotrek-m,0.0
1711,bartosz-nowak-72350,0.0
1712,daniel-krommen,17592186044416.0
1713,holger-jorschick,0.0
1714,marta-szopa,0.0
1715,przemek-diener,0.0
1716,roberto-dominguez,0.0
1717,fridolin-sent-1xf7n,0.0
1718,pedro-borbolla,0.0
1719,johanna-vuijk,0.0
1720,joseba-uranga,274877906944.0
1721,vicen-ardacho,0.0
1722,ziga-krzicnik,68719476736.0
1723,jeff-jenny,0.0
1724,anthony-van-herrewege,0.0
1725,ale-bohorc,0.0
1726,juan-korkuerika,0.0
1727,benny-hartmann,0.0
1728,jimmy-norlen-5397,0.0
1729,tomaz-zuzel,0.0
1730,rok-malek,0.0
1731,kaja-mlekuz,0.0
1732,lukas-wubben,0.0
1733,renato-pinheiro,0.0
1734,ziga-ziga,1125899906842624.0
1735,ante-anzulovic,4503599627370496.0
1736,felix-kallfass,0.0
1737,iga-rozman,0.0
1738,d-r,0.0
1739,tina-hostinger,0.0
1740,zoran-mesec,0.0
1741,oliver-bader,0.0
1742,jere-cokaric,0.0
1743,timon-cujic,0.0
1744,domagoj-zepec,0.0
1745,renata-kostic,0.0
1746,matej-gjurkovic,274877906944.0
1747,matej-salkovic,0.0
1748,chris-van-ewijk,0.0
1749,sanjin-mehmedika,0.0
1750,moldrien-perez,0.0
1751,mare-magonga,0.0
1752,doroteja-pavlin,0.0
1753,user-deactivated-40838,0.0
1754,milena-georgieva,0.0
1755,domen-kolsek,0.0
1756,domagoj-bobnjaric,0.0
1757,ira-fabijanic,0.0
1758,marija-cucek,0.0
1759,dario-juricic,0.0
1760,filip-belak,0.0
1761,ivan-jakab,281474976710656.0
1762,luka-margan,0.0
1763,dario-juricic-36510,0.0
1764,john-john,0.0
1765,srecko-ivanisevic,0.0
1766,saa-starcevic,0.0
1767,boris-imunko,0.0
1768,ivana-bilic,0.0
1769,maximilian-fieger,0.0
1770,salabash-anastasiia,0.0
1771,miha-britovsek-15807,0.0
1772,vitaly-lagutin,0.0
1773,matic-caks,0.0
1774,12218,0.0
1775,rok-klancnik,0.0
1776,luka-tame,0.0
1777,cristian-todorovic,0.0
1778,bor-pungercic,0.0
1779,numbers,0.0
1780,tim-collier,0.0
1781,michal-skrzypek,0.0
1782,sergio-pavesi,0.0
1783,rainer-gwiggner,0.0
1784,hrvoje-grancaric,0.0
1785,martin-g,0.0
1786,jeroen-snel,0.0
1787,kees-breek,0.0
1788,matjaz-kosic,0.0
1789,roland-sint,0.0
1790,urh-primozic,0.0
1791,bine-knabl,0.0
1792,david-schmidt,0.0
1793,lorenzo-serafini,0.0
1794,fabian-wolfsgruber,0.0
1795,tuomas-tervo,0.0
1796,bla-malej,0.0
1797,martin-bergant,0.0
1798,blaz-gladek,0.0
1799,andrej-jausovec,0.0
1800,jernej-enk,0.0
1801,michal-witek,0.0
1802,darek-daras,0.0
1803,lucia-willems-ramirez,0.0
1804,katrin-lindemann,0.0
1805,aljosa-bremec,0.0
1806,luca-trevisan,0.0
1807,christoph-detschmann,0.0
1808,rafal-mojzess,0.0
1809,nurisso-luca,0.0
1810,marco-bauer,0.0
1811,daniel-jung,0.0
1812,vanda-michalkova,0.0
1813,lucy-russo,0.0
1814,alex-khazanov,0.0
1815,raffael-stein,0.0
1816,nejc-pahovnik,0.0
1817,florian-brosig,0.0
1818,romeo-chira,0.0
1819,laszlo-gaal,0.0
1820,damjan-hodnik,0.0
1821,michael-schulz,0.0
1822,jonas-gr,0.0
1823,arvid-knegt,0.0
1824,jakob-tomse,0.0
1825,f-g,0.0
1826,gabrielesbisighin-gorobey,0.0
1827,goran-glumac,0.0
1828,christoph-sauer,0.0
1829,mario-novak,0.0
1830,marcus-sonst,0.0
